value,valuehat
2134653.8,2042739.13
1930441.28,2011710.85
2090621.51,2278705.85
1851360.32,1909913.98
1711592.22,1817678.43
2022229.58,1939925.9
2488516.2008,2182606.89
2446159.15,2138540.0
2498647.74,2106056.55
2803574.11,2385573.14
2195972.01,1999485.59
2193022.37,1902924.36
2233251.6158,2030905.01
2336032.06,2182606.89
2349663.26,2138540.0
2104682.42,2106056.55
2180357.82,2385573.14
1935594.43,1999485.59
1875074.39,1902924.36
2169464.57,2030905.01
2278211.34,2182606.89
2233570.43,2138540.0
2063636.5,2106056.55
1982422.98,2385573.14
1552194.29,1999485.59
1737137.03,1902924.36
1770739.36,2030905.01
2028840.8,2182606.89
1932011.8,2138540.0
1603083.09,2106056.55
2025388.03,2385573.14
1566074.64,1999485.59
1677580.52,1902924.36
1954640.3,2030905.01
2268328.78,2182606.89
1912754.45,2138540.0
1912664.12,2100934.83
2269660.05,2367375.58
1829883.95,1973897.41
2129078.66,1868786.55
2015320.49,1984082.2
2272671.74,2121179.62
1866081.31,2067526.93
2269136.8,2025516.1
2189258.54,2282392.25
1992634.63,1903039.04
1849324.31,1801701.41
1988655.67,1912858.21
2435059.86,2045034.16
1765927.65,1993307.48
1760892.08,2100934.83
2075074.14,2379771.66
2179237.58,1994623.03
1895602.15,1898296.63
2114720.31,2025966.05
2216028.54,2177299.0
2208460.59,2133339.28
2383620.75,2100934.83
2067985.51,2379771.66
1669797.4,1994623.03
2151496.02,1898296.63
2014795.64,2025966.05
2289163.14,2177299.0
2331346.34,2133339.28
1688236.46,2100934.83
2102010.19,2379771.66
1655657.54,1994623.03
2110451.1,1863745.91
2175123.85,1989091.63
2453821.4,2137670.19
2279744.16,2094510.57
2000187.3855,2062695.91
2268964.57,2336457.66
2041248.81,1958319.08
1847303.01,1863745.91
1931869.72,1989091.63
2144242.31,2137670.19
2152905.82,2094510.57
1929820.86,2062695.91
2096941.02,2336457.66
1676472.23,1958319.08
1489638.5,1863745.91
1820362.33,1989091.63
2125143.73,2137670.19
1790949.03,2094510.57
2074917.13,2062695.91
2179752.72,2336457.66
1820259.47,1958319.08
1724862.94,1863745.91
2076299.95,1989091.63
2292644.03,2137670.19
1874236.66,2094510.57
1959304.49,2062695.91
2172537.65,2336457.66
1929105.89,1958319.08
1736718.35,1863745.91
2082365.47,1989091.63
2161217.02,2137670.19
2312901.49,2112005.07
2138524.54,2914960.0
3364097.04,3338601.85
2658412.78,2591151.96
2623499.52,2407735.64
2598978.44,2687380.52
2869747.98,3051233.96
3218593.19,2207481.6
1847896.96,2241109.24
2319357.13,2396887.12
2037315.45,2208673.33
1860150.11,2005604.12
2170389.92,2307529.0
2215272.4,2365888.96
2181717.36,2387532.33
2064925.88,2151491.82
2807062.77,2413072.34
1745217.44,2038359.95
1789212.62,1879312.94
2101847.93,2005705.61
1979476.17,2155525.18
1946620.15,2112005.07
1956255.0,2079924.67
2147337.23,2355973.03
1436878.89,1974676.04
1414358.33,1879312.94
1790987.47,2005705.61
1839228.3,2155525.18
1779374.72,2112005.07
1662277.41,2079924.67
2482875.15,2326492.4
2153417.53,1949966.62
2197085.65,1855796.81
2046042.75,1980607.92
2031633.45,2128552.78
2089584.94,2085577.24
1994145.86,2053898.27
2766935.4,2326492.4
1818133.63,1949966.62
1841185.52,1855796.81
2105562.59,1980607.92
2067433.97,2128552.78
2026956.4,2085577.24
1962705.99,2053898.27
1993375.1300000001,2326492.4
1759634.16,1949966.62
1748513.7,1855796.81
1993019.75,1980607.92
1887149.55,2128552.78
1956687.63,2085577.24
1977416.26,2053898.27
1930468.64,2326492.4
1616574.58,1949966.62
1788389.7128,1855796.81
2146086.45,1980607.92
2207377.62,2128552.78
1939883.239,2085577.24
1828586.0,2053898.27
2312110.15,2326492.4
2078086.93,1949966.62
2220228.7,2074044.53
2477557.35,2087441.65
2855899.31,2447710.4
2629972.79,2315393.19
2156383.55,2218445.47
2561717.068,2512878.36
2247436.9,2106187.39
2062944.33,2004473.21
2162079.12,2139283.5
2414188.68,2299080.89
2212037.99,2252662.39
2647805.64,2218445.47
2481445.1,2512878.36
1975226.35,2106187.39
2006639.02,2004473.21
2163472.89,2139283.5
2117866.86,2065789.65
2243816.11,2033595.98
2153039.23,2029735.77
2115570.2,2224516.08
1611074.6300000001,1887235.1
1799205.91,1698261.67
1889170.53,1951835.47
1986352.37,2299080.89
1836267.59,2252662.39
2121722.15,2218445.47
2201017.55,2512878.36
1722958.37,2106187.39
1653013.83,2004473.21
2023921.32,2139283.5
2065263.75,2299080.89
2048337.78,2464006.75
2293791.44,2426579.61
3074782.79,2748636.12
2147295.41,2303789.5
2110595.48,2192532.52
2297243.37,2242420.13
2855928.63,2664042.45
2500796.42,2364822.74
2172536.14,2426579.61
2283409.56,2748636.12
2245714.15,2303789.5
2133849.86,2192532.52
2505244.88,2339990.68
2283004.3,2514780.23
2309418.45,2464006.75
3075549.34,2426579.61
2472515.08,2748636.12
2098924.06,2303789.5
2268251.42,2192532.52
2647962.97,2339990.68
2891700.44,2795371.0
3269655.89,3173780.35
4424741.75,3924260.96
3177866.4,3266864.24
796096.18,843417.42
2705604.62,2192532.52
2901061.64,2339990.68
3258608.23,2941563.04
3143927.78,3128447.6
4059885.29,3606961.32
3558906.11,3914377.62
864276.83,859361.2
2875634.92,2240250.47
3334262.6,2390917.88
2857771.59,2569511.52
2743314.78,2517633.02
2710064.07,2479391.32
3049637.84,2808457.02
2589046.09,2353928.83
2645179.26,2240250.47
2732410.01,2390917.88
2691957.07,2569511.52
2532542.61,2517633.02
3025688.83,2479391.32
3068446.01,2808457.02
2455594.08,2353928.83
2590798.95,2240250.47
2905388.31,2390917.88
2600418.85,2569511.52
2692291.21,2517633.02
2903006.11,2479391.32
2367411.33,2808457.02
2474942.67,2353928.83
2308832.58,2240250.47
2561508.12,2390917.88
2369756.42,2569511.52
2322432.79,2517633.02
2668509.32,2479391.32
2394443.21,2808457.02
2620014.06,2353928.83
2315358.7,2240250.47
2619736.84,2390917.88
2843775.73,2392780.95
2701242.15,2344470.64
2954105.54,2308859.19
2875713.7,2615291.81
2543454.43,2192025.99
2754663.53,2086166.4
2825278.22,2226470.94
2606000.98,2392780.95
2736994.04,2344470.64
2674886.27,2308859.19
3015240.4,2615291.81
2998291.24,2192025.99
2353229.07,2086166.4
2083436.65,2226470.94
2294798.48,2392780.95
2395003.04,2344470.64
2163305.03,2308859.19
2246925.54,2615291.81
1856231.8771,2192025.99
1967918.13,2086166.4
2043582.43,2226470.94
2188296.95,2392780.95
2139313.37,2344470.64
2125497.05,2308859.19
2203791.66,2615291.81
2236200.47,2192025.99
2010758.8,2086166.4
2612499.13,2226470.94
2599725.58,2354084.42
2496025.19,2306555.39
2544009.6,2271519.87
2662550.07,2572996.8
2160251.16,2156576.11
2054860.58,2052428.5
2227901.09,2190464.01
2441781.82,2354084.42
2359182.13,2306555.39
2117020.35,2271519.87
2650566.32,2584557.43
3256715.34,2214835.79
3142011.11,2109177.91
2905053.39,2008471.06
3162937.64,2146958.31
3535352.87,2203114.9
2470200.47,2027773.75
2179154.43,2572996.8
1813960.86,2156576.11
1817894.15,2052428.5
1818344.34,2190464.01
2094649.82,2354084.42
2268860.06,2306555.39
1977901.17,2271519.87
2096428.5,2572996.8
1885899.05,2156576.11
1544811.13,2052428.5
1703852.98,2190464.01
2038120.58,2354084.42
2004936.95,2306555.39
3051147.26,2271519.87
2724126.81,2397750.3
1930616.86,2009691.96
1948548.26,1912637.83
2360905.6,2041271.76
2304274.15,2193748.01
2305117.32,2149456.17
2083436.78,2116806.91
2358966.97,2397750.3
1752072.11,2009691.96
1907109.55,1912637.83
1989741.58,2041271.76
2192800.99,2193748.01
2046051.38,2149456.17
2721283.08,2116806.91
2261365.29,2397750.3
2194515.02,2009691.96
2422947.04,1912637.83
2143301.96,2041271.76
2148740.52,2193748.01
1913817.49,2149456.17
2074936.07,2116806.91
2182169.55,2397750.3
1641185.11,2009691.96
1790808.97,1912637.83
1755926.29,2041271.76
1951389.68,2193748.01
2084558.07,2156032.75
1828442.27,1904957.74
2709697.91,2628844.44
3175782.42,2820040.31
628061.32,836426.19
2510774.21,2356413.66
2255543.58,2129895.8
2136691.96,2093278.3
2123855.76,2067789.76
2659893.67,2349393.95
1764170.93,1975186.67
1728463.03,1885550.42
2316368.85,2018519.71
2166550.71,2175933.73
2048534.16,2138524.73
1905189.42,2011710.85
2203468.34,2278705.85
1698671.65,1909913.98
1776454.57,1817678.43
1924643.74,1939925.9
2262041.91,2084831.94
1623061.18,2042739.13
2018537.92,2011710.85
2317348.16,2278705.85
1985471.72,1909913.98
1758826.426,1817678.43
2001789.2,1939925.9
1985378.02,2084831.94
2125051.69,2042739.13
1878741.83,2011710.85
1988534.18,2278705.85
2119489.5,1909913.98
2119144.64,1817678.43
2219503.86,1939925.9
2460596.09,2084831.94
1851037.59,2138540.0
2227888.63,2106056.55
2874978.31,2385573.14
2120153.08,1999485.59
2034929.39,1902924.36
2146145.83,2030905.01
2458175.25,2182606.89
2315530.78,2138540.0
2659488.75,2106056.55
2516774.19,2385573.14
2010377.83,1999485.59
1959846.51,1902924.36
2171323.71,2030905.01
2042283.59,2182606.89
2445194.84,2138540.0
2045159.8,2106056.55
2442684.03,2385573.14
1971130.51,1999485.59
1902205.73,1902924.36
1883723.67,2030905.01
2026222.89,2182606.89
1837320.58,2138540.0
1798250.54,2106056.55
2570543.12,2385573.14
2015714.45,1999485.59
1781036.51,1902924.36
1727161.31,2030905.01
1961335.43,2182606.89
1807087.01,2138540.0
2361732.76,2106056.55
2519513.3,2367375.58
2163605.69,1973897.41
2204366.54,1868786.55
1959741.86,1984082.2
2198896.51,2121179.62
1869019.18,2067526.93
2039634.62,2025516.1
2389137.06,2282392.25
1680833.28,1903039.04
1827619.08,1801701.41
2011685.4,1912858.21
2276004.91,2045034.16
1700066.46,1993307.48
2200881.69,2100934.83
2406184.19,2379771.66
1760116.8,1994623.03
2105638.66,1898296.63
2043101.41,2025966.05
2082067.08,2177299.0
1960153.35,2133339.28
1959759.78,2100934.83
2445912.94,2379771.66
1895405.05,1994623.03
1743476.68,1898296.63
1899984.66,2025966.05
2350501.81,2177299.0
2184016.16,2133339.28
2364900.1,2100934.83
2376162.29,2379771.66
1873236.63,1994623.03
1984112.25,1898296.63
2077232.64,1989091.63
2409533.16,2137670.19
2170384.78,2094510.57
2434123.34,2062695.91
2616427.33,2336457.66
2092337.59,1958319.08
1940840.52,1863745.91
2063096.29,1989091.63
2199692.82,2137670.19
2158097.11,2094510.57
2187217.64,2062695.91
2200977.54,2336457.66
1804699.57,1958319.08
1592104.89,1863745.91
1900457.01,1989091.63
2082407.65,2137670.19
1917447.66,2094510.57
2263078.29,2062695.91
2109270.52,2336457.66
1731567.27,1958319.08
1943357.27,1863745.91
1954513.98,1989091.63
2269662.22,2137670.19
2040230.29,2094510.57
1633644.0,2062695.91
2233525.47,2336457.66
2194580.6,1958319.08
2004023.99,1863745.91
2031017.19,1989091.63
2124162.87,2137670.19
2094961.99,2094510.57
1991783.6,2079924.67
3705471.27,3301834.5
2989842.68,2798273.63
2587756.01,2466017.38
2657698.07,2569667.22
3070156.54,2888118.93
3224844.37,2989629.47
2063434.7,2173950.96
2655320.3,2538550.07
2026102.66,2008968.48
2174214.67,2102009.79
2192724.02,2140490.46
2569835.17,2479893.77
2383003.5,2318121.6
2439416.16,2351266.8
2468241.31,2437038.59
1982580.34,2022534.24
2000226.84,1939921.36
2156004.4,2005705.61
2384531.91,2155525.18
2328303.6,2112005.07
1888467.46,2079924.67
2483858.9,2355973.03
2011025.29,1974676.04
1670802.85,1879312.94
1883637.3800000001,2005705.61
2079057.67,2155525.18
1944120.66,2112005.07
1822079.09,2079924.67
2350913.92,2355973.03
2431351.56,1949966.62
1921543.31,1855796.81
1843558.41,1980607.92
2033472.27,2128552.78
2302696.43,2085577.24
1927953.856,2053898.27
2604923.886,2326492.4
1813420.39,1949966.62
2194808.28,1855796.81
2067476.3,1980607.92
2174110.94,2128552.78
2460825.26,2085577.24
1883792.09,2053898.27
2552052.7181,2326492.4
1935107.9,1949966.62
1834901.21,1855796.81
1779835.45,1980607.92
2082456.55,2128552.78
1968340.23,2085577.24
1881191.05,2053898.27
2505103.92,2326492.4
1765361.62,1949966.62
1625195.69,1855796.81
1907983.22,1980607.92
2082332.15,2128552.78
1997478.18,2085577.24
2152615.28,2053898.27
2382071.6,2326492.4
1940509.47,1949966.62
1797344.11,1855796.81
2224969.62,2213533.82
2174831.05,2243366.63
2360741.88,2398291.06
2242839.94,2280223.43
2883435.19,2512878.36
2696921.19,2106187.39
2098867.52,2004473.21
2482476.14,2139283.5
2340301.2,2299080.89
2201189.9,2252662.39
2165115.41,2218445.47
2619462.51,2512878.36
2354126.09,2106187.39
2070251.16,2004473.21
2051334.52,2139283.5
2402489.37,2299080.89
2792511.18,2252662.39
2197792.34,2218445.47
2403851.82,2512878.36
1641596.6,2106187.39
1826770.6,2004473.21
2019791.55,2139283.5
2029468.98,2065789.65
1976443.43,2033595.98
1988378.65,2029735.77
2207375.62,2224516.08
1907536.8,1887235.1
1648175.66,1698261.67
1939294.4,1951835.47
2082323.6300000001,2299080.89
2005399.55,2252662.39
2206885.66,2426579.61
2842159.31,2748636.12
2124989.62,2303789.5
2020326.11,2192532.52
2152711.89,2339990.68
2388281.75,2409921.48
2599228.92,2610255.36
2296790.47,2328902.16
2486172.3,2748636.12
2682956.5568,2303789.5
2201080.83,2192532.52
2015823.59,2339990.68
2365008.8,2514780.23
2409159.66,2464006.75
2549431.44,2426579.61
2553501.75,2748636.12
2455172.01,2303789.5
2171249.3,2192532.52
2324684.2,2339990.68
2740488.67,2514780.23
2756552.18,2738932.39
3199696.41,3125572.08
4599042.1,4445090.19
2803234.5,2738146.23
725528.32,802686.2
2648984.8,2339990.68
2740512.3,2514780.23
2883694.5,2882172.81
3158610.92,3080927.91
4182668.24,4085678.44
3459258.65,3280864.35
734325.6,817860.01
2663021.02,2390917.88
2795374.83,2569511.52
2630865.0,2517633.02
2497040.82,2479391.32
2718967.69,2808457.02
2921067.96,2353928.83
2381362.81,2240250.47
2570077.14,2390917.88
2222660.31,2569511.52
2811805.95,2517633.02
2973549.81,2479391.32
2787311.42,2808457.02
2144503.22,2353928.83
2287459.24,2240250.47
2706645.7,2390917.88
2448156.38,2569511.52
2601726.63,2517633.02
2399675.37,2479391.32
2735641.28,2808457.02
2403463.39,2353928.83
2154550.91,2240250.47
2104650.22,2390917.88
2289667.05,2569511.52
2248595.72,2517633.02
2359903.66,2479391.32
2655311.64,2808457.02
2117630.23,2353928.83
2019477.33,2240250.47
2521677.03,2390917.88
2382037.39,2569511.52
2669757.96,2344470.64
2697513.04,2308859.19
3101936.3,2615291.81
2417422.75,2192025.99
2533018.11,2086166.4
2550083.99,2226470.94
2691722.2,2392780.95
2805241.04,2344470.64
2771065.02,2308859.19
2442242.48,2615291.81
2014230.11,2192025.99
2255647.59,2086166.4
2192532.38,2226470.94
2231553.53,2392780.95
2161819.88,2344470.64
2119463.41,2308859.19
2489084.47,2615291.81
1986467.73,2192025.99
2275830.92,2086166.4
1967147.94,2226470.94
2058670.51,2392780.95
2030461.46,2344470.64
2029413.22,2308859.19
2326658.97,2615291.81
2144322.12,2192025.99
1787570.06,2086166.4
2013289.94,2226470.94
2096217.79,2392780.95
2237788.17,2306555.39
1982837.66,2271519.87
3715219.69,2572996.8
3304561.26,2156576.11
3030046.35,2052428.5
2807299.93,2190464.01
3710935.07,2354084.42
3617317.33,2306555.39
2905647.67,2271519.87
2303216.67,2572996.8
2158241.85,2166265.73
1985354.9,2107874.65
2115838.74,2251030.08
2021363.85,2158497.2
1963454.46,2103611.16
2004332.78,2169650.59
2206980.35,2296900.63
1880127.71,2156576.11
1794591.76,2052428.5
1812978.56,2190464.01
2116051.32,2354084.42
1957567.69,2306555.39
1922363.78,2271519.87
2232569.67,2572996.8
1741780.46,2156576.11
1665928.37,2052428.5
1845953.1,2190464.01
2271324.83,2354084.42
1904509.29,2306555.39
2071100.44,2271519.87
2595276.5,2572996.8
2230698.49,2009691.96
2268151.79,1912637.83
1995201.7,2041271.76
2142709.76,2193748.01
1928682.67,2149456.17
2121487.26,2116806.91
2463810.63,2397750.3
1885250.52,2009691.96
1912424.22,1912637.83
2204732.02,2041271.76
1972354.9,2193748.01
2177810.35,2149456.17
1859382.7,2116806.91
2308415.83,2397750.3
1759265.6300000001,2009691.96
1719267.49,1912637.83
1848897.53,2041271.76
1853100.03,2193748.01
1931705.66,2149456.17
1970503.83,2116806.91
2267649.01,2397750.3
2272300.37,2009691.96
1793482.86,1912637.83
1959184.01,2041271.76
2183329.78,2193748.01
2209277.31,2156032.75
0.0,2129780.08
0.0,2164386.49
0.0,2210126.79
0.0,2692063.65
0.0,895411.12
0.0,2540178.28
0.0,2093278.3
0.0,2067789.76
0.0,2349393.95
0.0,1975186.67
0.0,1885550.42
0.0,2018519.71
0.0,2175933.73
0.0,2138524.73
0.0,2011710.85
0.0,2278705.85
0.0,1909913.98
0.0,1817678.43
0.0,1939925.9
0.0,2084831.94
0.0,2042739.13
0.0,2011710.85
0.0,2278705.85
0.0,1909913.98
0.0,1817678.43
0.0,1939925.9
0.0,2084831.94
0.0,2042739.13
0.0,2011710.85
0.0,2278705.85
